[{"timing_sec":2.545,"notes_attribute":1,"notes_level":1,"effect":1,"effect_value":0.113,"position":9},{"timing_sec":2.545,"notes_attribute":1,"notes_level":1,"effect":4,"effect_value":0.113,"position":1},{"timing_sec":2.771,"notes_attribute":1,"notes_level":1,"effect":1,"effect_value":0.113,"position":8},{"timing_sec":2.771,"notes_attribute":1,"notes_level":1,"effect":4,"effect_value":0.113,"position":2},{"timing_sec":2.996,"notes_attribute":1,"notes_level":2,"effect":11,"effect_value":0.113,"position":3},{"timing_sec":3.109,"notes_attribute":1,"notes_level":2,"effect":11,"effect_value":0.113,"position":4},{"timing_sec":3.222,"notes_attribute":1,"notes_level":2,"effect":11,"effect_value":0.113,"position":5},{"timing_sec":3.335,"notes_attribute":1,"notes_level":2,"effect":11,"effect_value":0.113,"position":6},{"timing_sec":3.447,"notes_attribute":1,"notes_level":1,"effect":2,"effect_value":0.113,"position":1},{"timing_sec":3.447,"notes_attribute":1,"notes_level":2,"effect":11,"effect_value":0.113,"position":7},{"timing_sec":3.898,"notes_attribute":1,"notes_level":3,"effect":11,"effect_value":0.113,"position":7},{"timing_sec":4.011,"notes_attribute":1,"notes_level":3,"effect":11,"effect_value":0.113,"position":6},{"timing_sec":4.124,"notes_attribute":1,"notes_level":3,"effect":11,"effect_value":0.113,"position":5},{"timing_sec":4.237,"notes_attribute":1,"notes_level":3,"effect":11,"effect_value":0.113,"position":4},{"timing_sec":4.35,"notes_attribute":1,"notes_level":1,"effect":1,"effect_value":0.113,"position":9},{"timing_sec":4.35,"notes_attribute":1,"notes_level":3,"effect":11,"effect_value":0.113,"position":3},{"timing_sec":4.801,"notes_attribute":1,"notes_level":4,"effect":11,"effect_value":0.113,"position":1},{"timing_sec":4.914,"notes_attribute":1,"notes_level":4,"effect":11,"effect_value":0.113,"position":2},{"timing_sec":5.026,"notes_attribute":1,"notes_level":4,"effect":11,"effect_value":0.113,"position":3},{"timing_sec":5.139,"notes_attribute":1,"notes_level":4,"effect":11,"effect_value":0.113,"position":4},{"timing_sec":5.252,"notes_attribute":1,"notes_level":5,"effect":11,"effect_value":0.113,"position":9},{"timing_sec":5.365,"notes_attribute":1,"notes_level":5,"effect":11,"effect_value":0.113,"position":8},{"timing_sec":5.477,"notes_attribute":1,"notes_level":5,"effect":11,"effect_value":0.113,"position":7},{"timing_sec":5.59,"notes_attribute":1,"notes_level":5,"effect":11,"effect_value":0.113,"position":6},{"timing_sec":5.703,"notes_attribute":1,"notes_level":6,"effect":11,"effect_value":0.113,"position":2},{"timing_sec":5.816,"notes_attribute":1,"notes_level":6,"effect":11,"effect_value":0.113,"position":3},{"timing_sec":5.929,"notes_attribute":1,"notes_level":6,"effect":11,"effect_value":0.113,"position":4},{"timing_sec":6.041,"notes_attribute":1,"notes_level":6,"effect":11,"effect_value":0.113,"position":5},{"timing_sec":6.154,"notes_attribute":1,"notes_level":1,"effect":4,"effect_value":0.113,"position":9},{"timing_sec":6.154,"notes_attribute":1,"notes_level":6,"effect":11,"effect_value":0.113,"position":6},{"timing_sec":6.605,"notes_attribute":1,"notes_level":7,"effect":11,"effect_value":0.113,"position":8},{"timing_sec":6.718,"notes_attribute":1,"notes_level":7,"effect":11,"effect_value":0.113,"position":7},{"timing_sec":6.831,"notes_attribute":1,"notes_level":7,"effect":11,"effect_value":0.113,"position":6},{"timing_sec":6.944,"notes_attribute":1,"notes_level":7,"effect":11,"effect_value":0.113,"position":5},{"timing_sec":7.056,"notes_attribute":1,"notes_level":1,"effect":1,"effect_value":0.113,"position":1},{"timing_sec":7.056,"notes_attribute":1,"notes_level":7,"effect":11,"effect_value":0.113,"position":4},{"timing_sec":7.508,"notes_attribute":1,"notes_level":8,"effect":11,"effect_value":0.113,"position":5},{"timing_sec":7.62,"notes_attribute":1,"notes_level":8,"effect":11,"effect_value":0.113,"position":4},{"timing_sec":7.733,"notes_attribute":1,"notes_level":8,"effect":11,"effect_value":0.113,"position":3},{"timing_sec":7.846,"notes_attribute":1,"notes_level":8,"effect":11,"effect_value":0.113,"position":2},{"timing_sec":7.959,"notes_attribute":1,"notes_level":1,"effect":4,"effect_value":0.113,"position":9},{"timing_sec":7.959,"notes_attribute":1,"notes_level":8,"effect":11,"effect_value":0.113,"position":1},{"timing_sec":8.41,"notes_attribute":1,"notes_level":9,"effect":11,"effect_value":0.113,"position":5},{"timing_sec":8.523,"notes_attribute":1,"notes_level":9,"effect":11,"effect_value":0.113,"position":6},{"timing_sec":8.635,"notes_attribute":1,"notes_level":9,"effect":11,"effect_value":0.113,"position":7},{"timing_sec":8.748,"notes_attribute":1,"notes_level":9,"effect":11,"effect_value":0.113,"position":8},{"timing_sec":8.861,"notes_attribute":1,"notes_level":1,"effect":4,"effect_value":0.113,"position":1},{"timing_sec":8.861,"notes_attribute":1,"notes_level":9,"effect":11,"effect_value":0.113,"position":9},{"timing_sec":9.086,"notes_attribute":1,"notes_level":1,"effect":1,"effect_value":0.113,"position":7},{"timing_sec":9.199,"notes_attribute":1,"notes_level":1,"effect":1,"effect_value":0.113,"position":3},{"timing_sec":9.312,"notes_attribute":1,"notes_level":1,"effect":1,"effect_value":0.113,"position":7},{"timing_sec":9.538,"notes_attribute":1,"notes_level":1,"effect":2,"effect_value":0.113,"position":2},{"timing_sec":9.538,"notes_attribute":1,"notes_level":1,"effect":1,"effect_value":0.113,"position":6},{"timing_sec":9.763,"notes_attribute":1,"notes_level":1,"effect":1,"effect_value":0.113,"position":8},{"timing_sec":9.763,"notes_attribute":1,"notes_level":1,"effect":1,"effect_value":0.113,"position":4},{"timing_sec":9.989,"notes_attribute":1,"notes_level":1,"effect":1,"effect_value":0.113,"position":1},{"timing_sec":10.102,"notes_attribute":1,"notes_level":1,"effect":1,"effect_value":0.113,"position":9},{"timing_sec":10.214,"notes_attribute":1,"notes_level":1,"effect":4,"effect_value":0.113,"position":1},{"timing_sec":10.214,"notes_attribute":1,"notes_level":1,"effect":1,"effect_value":0.113,"position":7},{"timing_sec":10.44,"notes_attribute":1,"notes_level":1,"effect":1,"effect_value":0.113,"position":2},{"timing_sec":10.665,"notes_attribute":1,"notes_level":1,"effect":1,"effect_value":0.113,"position":9},{"timing_sec":10.665,"notes_attribute":1,"notes_level":1,"effect":1,"effect_value":0.113,"position":3},{"timing_sec":10.891,"notes_attribute":1,"notes_level":1,"effect":1,"effect_value":0.113,"position":8},{"timing_sec":11.004,"notes_attribute":1,"notes_level":1,"effect":1,"effect_value":0.083,"position":2},{"timing_sec":11.117,"notes_attribute":1,"notes_level":1,"effect":1,"effect_value":0.113,"position":3},{"timing_sec":11.117,"notes_attribute":1,"notes_level":1,"effect":1,"effect_value":0.113,"position":9},{"timing_sec":11.342,"notes_attribute":1,"notes_level":1,"effect":1,"effect_value":0.113,"position":8},{"timing_sec":11.568,"notes_attribute":1,"notes_level":1,"effect":4,"effect_value":0.113,"position":1},{"timing_sec":11.568,"notes_attribute":1,"notes_level":1,"effect":1,"effect_value":0.113,"position":7},{"timing_sec":11.793,"notes_attribute":1,"notes_level":1,"effect":1,"effect_value":0.113,"position":5},{"timing_sec":12.019,"notes_attribute":1,"notes_level":1,"effect":4,"effect_value":0.113,"position":4},{"timing_sec":12.019,"notes_attribute":1,"notes_level":1,"effect":1,"effect_value":0.113,"position":8},{"timing_sec":12.244,"notes_attribute":1,"notes_level":1,"effect":1,"effect_value":0.113,"position":7},{"timing_sec":12.244,"notes_attribute":1,"notes_level":1,"effect":1,"effect_value":0.113,"position":3},{"timing_sec":12.47,"notes_attribute":1,"notes_level":1,"effect":1,"effect_value":0.113,"position":2},{"timing_sec":12.47,"notes_attribute":1,"notes_level":1,"effect":1,"effect_value":0.113,"position":6},{"timing_sec":12.695,"notes_attribute":1,"notes_level":1,"effect":1,"effect_value":0.113,"position":8},{"timing_sec":12.695,"notes_attribute":1,"notes_level":1,"effect":1,"effect_value":0.113,"position":3},{"timing_sec":12.921,"notes_attribute":1,"notes_level":1,"effect":1,"effect_value":0.113,"position":2},{"timing_sec":12.921,"notes_attribute":1,"notes_level":1,"effect":4,"effect_value":0.113,"position":7},{"timing_sec":13.147,"notes_attribute":1,"notes_level":1,"effect":1,"effect_value":0.113,"position":1},{"timing_sec":13.259,"notes_attribute":1,"notes_level":1,"effect":2,"effect_value":0.113,"position":9},{"timing_sec":13.372,"notes_attribute":1,"notes_level":1,"effect":1,"effect_value":0.113,"position":2},{"timing_sec":13.485,"notes_attribute":1,"notes_level":1,"effect":1,"effect_value":0.113,"position":8},{"timing_sec":13.598,"notes_attribute":1,"notes_level":1,"effect":1,"effect_value":0.113,"position":3},{"timing_sec":13.823,"notes_attribute":1,"notes_level":1,"effect":1,"effect_value":0.113,"position":6},{"timing_sec":13.823,"notes_attribute":1,"notes_level":1,"effect":4,"effect_value":0.113,"position":4},{"timing_sec":14.049,"notes_attribute":1,"notes_level":1,"effect":1,"effect_value":0.113,"position":5},{"timing_sec":14.274,"notes_attribute":1,"notes_level":1,"effect":1,"effect_value":0.113,"position":9},{"timing_sec":14.274,"notes_attribute":1,"notes_level":1,"effect":1,"effect_value":0.113,"position":1},{"timing_sec":14.5,"notes_attribute":1,"notes_level":10,"effect":11,"effect_value":0.113,"position":2},{"timing_sec":14.5,"notes_attribute":1,"notes_level":11,"effect":11,"effect_value":0.113,"position":8},{"timing_sec":14.613,"notes_attribute":1,"notes_level":10,"effect":11,"effect_value":0.113,"position":3},{"timing_sec":14.613,"notes_attribute":1,"notes_level":11,"effect":11,"effect_value":0.113,"position":7},{"timing_sec":14.726,"notes_attribute":1,"notes_level":10,"effect":11,"effect_value":0.226,"position":4},{"timing_sec":14.726,"notes_attribute":1,"notes_level":11,"effect":11,"effect_value":0.226,"position":6},{"timing_sec":15.177,"notes_attribute":1,"notes_level":1,"effect":3,"effect_value":0.226,"position":1},{"timing_sec":15.177,"notes_attribute":1,"notes_level":1,"effect":3,"effect_value":0.226,"position":8},{"timing_sec":15.628,"notes_attribute":1,"notes_level":1,"effect":3,"effect_value":0.226,"position":2},{"timing_sec":15.628,"notes_attribute":1,"notes_level":1,"effect":3,"effect_value":0.226,"position":9},{"timing_sec":16.079,"notes_attribute":1,"notes_level":1,"effect":4,"effect_value":0.113,"position":6},{"timing_sec":16.079,"notes_attribute":1,"notes_level":1,"effect":1,"effect_value":0.113,"position":4},{"timing_sec":16.305,"notes_attribute":1,"notes_level":1,"effect":1,"effect_value":0.113,"position":3},{"timing_sec":16.417,"notes_attribute":1,"notes_level":1,"effect":1,"effect_value":0.113,"position":7},{"timing_sec":16.53,"notes_attribute":1,"notes_level":1,"effect":1,"effect_value":0.113,"position":3},{"timing_sec":16.756,"notes_attribute":1,"notes_level":1,"effect":1,"effect_value":0.113,"position":8},{"timing_sec":16.756,"notes_attribute":1,"notes_level":1,"effect":4,"effect_value":0.113,"position":5},{"timing_sec":16.981,"notes_attribute":1,"notes_level":1,"effect":1,"effect_value":0.113,"position":2},{"timing_sec":16.981,"notes_attribute":1,"notes_level":1,"effect":1,"effect_value":0.113,"position":5},{"timing_sec":17.207,"notes_attribute":1,"notes_level":1,"effect":1,"effect_value":0.113,"position":6},{"timing_sec":17.207,"notes_attribute":1,"notes_level":1,"effect":1,"effect_value":0.113,"position":4},{"timing_sec":17.432,"notes_attribute":1,"notes_level":1,"effect":3,"effect_value":0.451,"position":3},{"timing_sec":17.432,"notes_attribute":1,"notes_level":1,"effect":3,"effect_value":0.902,"position":7},{"timing_sec":18.109,"notes_attribute":1,"notes_level":1,"effect":1,"effect_value":0.113,"position":1},{"timing_sec":18.335,"notes_attribute":1,"notes_level":1,"effect":3,"effect_value":0.451,"position":3},{"timing_sec":18.786,"notes_attribute":1,"notes_level":1,"effect":4,"effect_value":0.113,"position":9},{"timing_sec":19.011,"notes_attribute":1,"notes_level":1,"effect":1,"effect_value":0.113,"position":5},{"timing_sec":19.237,"notes_attribute":1,"notes_level":1,"effect":3,"effect_value":0.902,"position":3},{"timing_sec":19.237,"notes_attribute":1,"notes_level":1,"effect":3,"effect_value":0.451,"position":7},{"timing_sec":19.914,"notes_attribute":1,"notes_level":1,"effect":1,"effect_value":0.113,"position":9},{"timing_sec":20.139,"notes_attribute":1,"notes_level":1,"effect":3,"effect_value":0.451,"position":7},{"timing_sec":20.59,"notes_attribute":1,"notes_level":1,"effect":4,"effect_value":0.113,"position":1},{"timing_sec":20.816,"notes_attribute":1,"notes_level":1,"effect":2,"effect_value":0.113,"position":5},{"timing_sec":21.041,"notes_attribute":1,"notes_level":1,"effect":3,"effect_value":0.451,"position":2},{"timing_sec":21.041,"notes_attribute":1,"notes_level":1,"effect":3,"effect_value":0.902,"position":8},{"timing_sec":21.718,"notes_attribute":1,"notes_level":1,"effect":1,"effect_value":0.113,"position":4},{"timing_sec":21.944,"notes_attribute":1,"notes_level":1,"effect":3,"effect_value":0.226,"position":2},{"timing_sec":22.169,"notes_attribute":1,"notes_level":1,"effect":1,"effect_value":0.113,"position":6},{"timing_sec":22.395,"notes_attribute":1,"notes_level":1,"effect":3,"effect_value":0.226,"position":3},{"timing_sec":22.62,"notes_attribute":1,"notes_level":1,"effect":1,"effect_value":0.113,"position":7},{"timing_sec":22.846,"notes_attribute":1,"notes_level":1,"effect":3,"effect_value":0.902,"position":2},{"timing_sec":22.846,"notes_attribute":1,"notes_level":1,"effect":3,"effect_value":0.451,"position":8},{"timing_sec":23.523,"notes_attribute":1,"notes_level":1,"effect":1,"effect_value":0.113,"position":6},{"timing_sec":23.748,"notes_attribute":1,"notes_level":1,"effect":3,"effect_value":0.226,"position":8},{"timing_sec":23.974,"notes_attribute":1,"notes_level":1,"effect":1,"effect_value":0.113,"position":4},{"timing_sec":24.199,"notes_attribute":1,"notes_level":1,"effect":3,"effect_value":0.226,"position":7},{"timing_sec":24.425,"notes_attribute":1,"notes_level":1,"effect":1,"effect_value":0.113,"position":3},{"timing_sec":24.65,"notes_attribute":1,"notes_level":1,"effect":3,"effect_value":1.353,"position":4},{"timing_sec":24.65,"notes_attribute":1,"notes_level":1,"effect":3,"effect_value":0.451,"position":8},{"timing_sec":25.327,"notes_attribute":1,"notes_level":1,"effect":1,"effect_value":0.113,"position":6},{"timing_sec":25.553,"notes_attribute":1,"notes_level":1,"effect":1,"effect_value":0.113,"position":7},{"timing_sec":25.778,"notes_attribute":1,"notes_level":1,"effect":1,"effect_value":0.113,"position":8},{"timing_sec":26.004,"notes_attribute":1,"notes_level":1,"effect":4,"effect_value":0.113,"position":9},{"timing_sec":26.229,"notes_attribute":1,"notes_level":1,"effect":1,"effect_value":0.113,"position":5},{"timing_sec":26.455,"notes_attribute":1,"notes_level":1,"effect":3,"effect_value":0.451,"position":2},{"timing_sec":26.455,"notes_attribute":1,"notes_level":1,"effect":3,"effect_value":1.353,"position":6},{"timing_sec":27.132,"notes_attribute":1,"notes_level":1,"effect":1,"effect_value":0.113,"position":4},{"timing_sec":27.357,"notes_attribute":1,"notes_level":1,"effect":1,"effect_value":0.113,"position":3},{"timing_sec":27.583,"notes_attribute":1,"notes_level":1,"effect":1,"effect_value":0.113,"position":2},{"timing_sec":27.808,"notes_attribute":1,"notes_level":1,"effect":4,"effect_value":0.113,"position":1},{"timing_sec":28.034,"notes_attribute":1,"notes_level":1,"effect":1,"effect_value":0.113,"position":5},{"timing_sec":28.259,"notes_attribute":1,"notes_level":1,"effect":3,"effect_value":0.451,"position":7},{"timing_sec":28.936,"notes_attribute":1,"notes_level":1,"effect":1,"effect_value":0.113,"position":3},{"timing_sec":29.162,"notes_attribute":1,"notes_level":1,"effect":3,"effect_value":0.451,"position":9},{"timing_sec":29.613,"notes_attribute":1,"notes_level":1,"effect":4,"effect_value":0.113,"position":1},{"timing_sec":29.838,"notes_attribute":1,"notes_level":1,"effect":1,"effect_value":0.113,"position":7},{"timing_sec":29.951,"notes_attribute":1,"notes_level":1,"effect":1,"effect_value":0.113,"position":3},{"timing_sec":30.064,"notes_attribute":1,"notes_level":1,"effect":3,"effect_value":0.226,"position":2},{"timing_sec":30.064,"notes_attribute":1,"notes_level":1,"effect":3,"effect_value":0.226,"position":7},{"timing_sec":30.515,"notes_attribute":1,"notes_level":1,"effect":3,"effect_value":0.226,"position":8},{"timing_sec":30.515,"notes_attribute":1,"notes_level":1,"effect":3,"effect_value":0.226,"position":3},{"timing_sec":30.966,"notes_attribute":1,"notes_level":1,"effect":4,"effect_value":0.113,"position":6},{"timing_sec":30.966,"notes_attribute":1,"notes_level":1,"effect":1,"effect_value":0.113,"position":4},{"timing_sec":31.192,"notes_attribute":1,"notes_level":1,"effect":4,"effect_value":0.113,"position":6},{"timing_sec":31.192,"notes_attribute":1,"notes_level":1,"effect":1,"effect_value":0.113,"position":4},{"timing_sec":31.643,"notes_attribute":1,"notes_level":1,"effect":2,"effect_value":0.113,"position":5},{"timing_sec":31.868,"notes_attribute":1,"notes_level":1,"effect":3,"effect_value":0.451,"position":1},{"timing_sec":31.868,"notes_attribute":1,"notes_level":1,"effect":3,"effect_value":0.902,"position":9},{"timing_sec":32.545,"notes_attribute":1,"notes_level":1,"effect":1,"effect_value":0.113,"position":3},{"timing_sec":32.771,"notes_attribute":1,"notes_level":1,"effect":3,"effect_value":0.451,"position":1},{"timing_sec":33.222,"notes_attribute":1,"notes_level":1,"effect":4,"effect_value":0.113,"position":7},{"timing_sec":33.447,"notes_attribute":1,"notes_level":1,"effect":1,"effect_value":0.113,"position":5},{"timing_sec":33.673,"notes_attribute":1,"notes_level":1,"effect":3,"effect_value":0.902,"position":1},{"timing_sec":33.673,"notes_attribute":1,"notes_level":1,"effect":3,"effect_value":0.451,"position":9},{"timing_sec":34.35,"notes_attribute":1,"notes_level":1,"effect":1,"effect_value":0.113,"position":7},{"timing_sec":34.575,"notes_attribute":1,"notes_level":1,"effect":3,"effect_value":0.451,"position":9},{"timing_sec":35.026,"notes_attribute":1,"notes_level":1,"effect":4,"effect_value":0.113,"position":3},{"timing_sec":35.252,"notes_attribute":1,"notes_level":1,"effect":1,"effect_value":0.113,"position":5},{"timing_sec":35.477,"notes_attribute":1,"notes_level":1,"effect":3,"effect_value":0.451,"position":4},{"timing_sec":35.477,"notes_attribute":1,"notes_level":1,"effect":3,"effect_value":0.902,"position":6},{"timing_sec":36.154,"notes_attribute":1,"notes_level":1,"effect":2,"effect_value":0.113,"position":2},{"timing_sec":36.38,"notes_attribute":1,"notes_level":1,"effect":3,"effect_value":0.226,"position":4},{"timing_sec":36.605,"notes_attribute":1,"notes_level":1,"effect":1,"effect_value":0.113,"position":8},{"timing_sec":36.831,"notes_attribute":1,"notes_level":1,"effect":3,"effect_value":0.226,"position":1},{"timing_sec":37.056,"notes_attribute":1,"notes_level":1,"effect":1,"effect_value":0.113,"position":9},{"timing_sec":37.282,"notes_attribute":1,"notes_level":1,"effect":3,"effect_value":0.902,"position":4},{"timing_sec":37.282,"notes_attribute":1,"notes_level":1,"effect":3,"effect_value":0.451,"position":6},{"timing_sec":37.959,"notes_attribute":1,"notes_level":1,"effect":1,"effect_value":0.113,"position":8},{"timing_sec":38.184,"notes_attribute":1,"notes_level":1,"effect":3,"effect_value":0.226,"position":6},{"timing_sec":38.41,"notes_attribute":1,"notes_level":1,"effect":1,"effect_value":0.113,"position":2},{"timing_sec":38.635,"notes_attribute":1,"notes_level":1,"effect":3,"effect_value":0.226,"position":9},{"timing_sec":38.861,"notes_attribute":1,"notes_level":1,"effect":1,"effect_value":0.113,"position":1},{"timing_sec":39.086,"notes_attribute":1,"notes_level":1,"effect":3,"effect_value":1.353,"position":1},{"timing_sec":39.086,"notes_attribute":1,"notes_level":1,"effect":3,"effect_value":0.451,"position":7},{"timing_sec":39.763,"notes_attribute":1,"notes_level":1,"effect":1,"effect_value":0.113,"position":9},{"timing_sec":39.989,"notes_attribute":1,"notes_level":1,"effect":1,"effect_value":0.113,"position":8},{"timing_sec":40.214,"notes_attribute":1,"notes_level":1,"effect":1,"effect_value":0.113,"position":7},{"timing_sec":40.44,"notes_attribute":1,"notes_level":1,"effect":4,"effect_value":0.113,"position":6},{"timing_sec":40.665,"notes_attribute":1,"notes_level":1,"effect":1,"effect_value":0.113,"position":5},{"timing_sec":40.891,"notes_attribute":1,"notes_level":1,"effect":3,"effect_value":0.451,"position":3},{"timing_sec":40.891,"notes_attribute":1,"notes_level":1,"effect":3,"effect_value":1.353,"position":9},{"timing_sec":41.568,"notes_attribute":1,"notes_level":1,"effect":2,"effect_value":0.113,"position":1},{"timing_sec":41.793,"notes_attribute":1,"notes_level":1,"effect":1,"effect_value":0.113,"position":2},{"timing_sec":42.019,"notes_attribute":1,"notes_level":1,"effect":1,"effect_value":0.113,"position":3},{"timing_sec":42.244,"notes_attribute":1,"notes_level":1,"effect":4,"effect_value":0.113,"position":4},{"timing_sec":42.47,"notes_attribute":1,"notes_level":1,"effect":1,"effect_value":0.113,"position":5},{"timing_sec":42.696,"notes_attribute":1,"notes_level":1,"effect":3,"effect_value":0.451,"position":6},{"timing_sec":42.696,"notes_attribute":1,"notes_level":1,"effect":3,"effect_value":0.451,"position":4},{"timing_sec":43.372,"notes_attribute":1,"notes_level":1,"effect":1,"effect_value":0.113,"position":9},{"timing_sec":43.372,"notes_attribute":1,"notes_level":1,"effect":1,"effect_value":0.113,"position":3},{"timing_sec":43.598,"notes_attribute":1,"notes_level":1,"effect":1,"effect_value":0.113,"position":2},{"timing_sec":43.598,"notes_attribute":1,"notes_level":1,"effect":1,"effect_value":0.113,"position":8},{"timing_sec":43.823,"notes_attribute":1,"notes_level":1,"effect":1,"effect_value":0.113,"position":1},{"timing_sec":43.823,"notes_attribute":1,"notes_level":1,"effect":1,"effect_value":0.113,"position":7},{"timing_sec":44.049,"notes_attribute":1,"notes_level":1,"effect":1,"effect_value":0.113,"position":8},{"timing_sec":44.049,"notes_attribute":1,"notes_level":1,"effect":1,"effect_value":0.113,"position":4},{"timing_sec":44.274,"notes_attribute":1,"notes_level":1,"effect":1,"effect_value":0.113,"position":2},{"timing_sec":44.274,"notes_attribute":1,"notes_level":1,"effect":1,"effect_value":0.113,"position":6},{"timing_sec":44.5,"notes_attribute":1,"notes_level":1,"effect":3,"effect_value":0.451,"position":7},{"timing_sec":44.5,"notes_attribute":1,"notes_level":1,"effect":3,"effect_value":0.451,"position":3},{"timing_sec":45.177,"notes_attribute":1,"notes_level":1,"effect":1,"effect_value":0.113,"position":9},{"timing_sec":45.177,"notes_attribute":1,"notes_level":1,"effect":1,"effect_value":0.113,"position":1},{"timing_sec":45.402,"notes_attribute":1,"notes_level":1,"effect":2,"effect_value":0.113,"position":9},{"timing_sec":45.402,"notes_attribute":1,"notes_level":1,"effect":1,"effect_value":0.113,"position":1},{"timing_sec":45.628,"notes_attribute":1,"notes_level":1,"effect":1,"effect_value":0.113,"position":2},{"timing_sec":45.741,"notes_attribute":1,"notes_level":1,"effect":1,"effect_value":0.113,"position":8},{"timing_sec":45.853,"notes_attribute":1,"notes_level":1,"effect":1,"effect_value":0.113,"position":2},{"timing_sec":46.079,"notes_attribute":1,"notes_level":1,"effect":1,"effect_value":0.113,"position":5},{"timing_sec":46.305,"notes_attribute":1,"notes_level":1,"effect":3,"effect_value":0.451,"position":6},{"timing_sec":46.305,"notes_attribute":1,"notes_level":1,"effect":3,"effect_value":0.451,"position":4},{"timing_sec":46.981,"notes_attribute":1,"notes_level":12,"effect":11,"effect_value":0.113,"position":3},{"timing_sec":46.981,"notes_attribute":1,"notes_level":13,"effect":11,"effect_value":0.113,"position":7},{"timing_sec":47.094,"notes_attribute":1,"notes_level":12,"effect":11,"effect_value":0.113,"position":2},{"timing_sec":47.094,"notes_attribute":1,"notes_level":13,"effect":11,"effect_value":0.113,"position":8},{"timing_sec":47.207,"notes_attribute":1,"notes_level":12,"effect":13,"effect_value":0.451,"position":1},{"timing_sec":47.207,"notes_attribute":1,"notes_level":13,"effect":13,"effect_value":0.451,"position":9},{"timing_sec":48.109,"notes_attribute":1,"notes_level":14,"effect":11,"effect_value":0.113,"position":1},{"timing_sec":48.222,"notes_attribute":1,"notes_level":14,"effect":11,"effect_value":0.113,"position":2},{"timing_sec":48.335,"notes_attribute":1,"notes_level":14,"effect":11,"effect_value":0.113,"position":3},{"timing_sec":48.447,"notes_attribute":1,"notes_level":14,"effect":11,"effect_value":0.113,"position":4},{"timing_sec":48.56,"notes_attribute":1,"notes_level":14,"effect":11,"effect_value":0.113,"position":5},{"timing_sec":48.673,"notes_attribute":1,"notes_level":14,"effect":11,"effect_value":0.113,"position":4},{"timing_sec":48.786,"notes_attribute":1,"notes_level":14,"effect":11,"effect_value":0.113,"position":3},{"timing_sec":48.899,"notes_attribute":1,"notes_level":14,"effect":11,"effect_value":0.113,"position":2},{"timing_sec":49.011,"notes_attribute":1,"notes_level":14,"effect":11,"effect_value":0.113,"position":1},{"timing_sec":49.462,"notes_attribute":1,"notes_level":1,"effect":1,"effect_value":0.113,"position":6},{"timing_sec":49.462,"notes_attribute":1,"notes_level":1,"effect":4,"effect_value":0.113,"position":4},{"timing_sec":49.914,"notes_attribute":1,"notes_level":1,"effect":3,"effect_value":1.353,"position":3},{"timing_sec":49.914,"notes_attribute":1,"notes_level":1,"effect":1,"effect_value":0.113,"position":9},{"timing_sec":50.139,"notes_attribute":1,"notes_level":1,"effect":1,"effect_value":0.113,"position":8},{"timing_sec":50.365,"notes_attribute":1,"notes_level":1,"effect":2,"effect_value":0.113,"position":7},{"timing_sec":50.59,"notes_attribute":1,"notes_level":1,"effect":1,"effect_value":0.113,"position":6},{"timing_sec":50.816,"notes_attribute":1,"notes_level":1,"effect":1,"effect_value":0.113,"position":5},{"timing_sec":51.041,"notes_attribute":1,"notes_level":1,"effect":1,"effect_value":0.113,"position":6},{"timing_sec":51.267,"notes_attribute":1,"notes_level":1,"effect":4,"effect_value":0.113,"position":7},{"timing_sec":51.493,"notes_attribute":1,"notes_level":1,"effect":1,"effect_value":0.113,"position":5},{"timing_sec":51.718,"notes_attribute":1,"notes_level":15,"effect":11,"effect_value":0.113,"position":9},{"timing_sec":51.831,"notes_attribute":1,"notes_level":15,"effect":11,"effect_value":0.113,"position":8},{"timing_sec":51.944,"notes_attribute":1,"notes_level":15,"effect":11,"effect_value":0.113,"position":7},{"timing_sec":52.056,"notes_attribute":1,"notes_level":15,"effect":11,"effect_value":0.113,"position":6},{"timing_sec":52.169,"notes_attribute":1,"notes_level":15,"effect":11,"effect_value":0.113,"position":5},{"timing_sec":52.282,"notes_attribute":1,"notes_level":15,"effect":11,"effect_value":0.113,"position":6},{"timing_sec":52.395,"notes_attribute":1,"notes_level":15,"effect":11,"effect_value":0.113,"position":7},{"timing_sec":52.508,"notes_attribute":1,"notes_level":15,"effect":11,"effect_value":0.113,"position":8},{"timing_sec":52.62,"notes_attribute":1,"notes_level":15,"effect":11,"effect_value":0.113,"position":9},{"timing_sec":53.071,"notes_attribute":1,"notes_level":1,"effect":1,"effect_value":0.113,"position":6},{"timing_sec":53.071,"notes_attribute":1,"notes_level":1,"effect":4,"effect_value":0.113,"position":4},{"timing_sec":53.523,"notes_attribute":1,"notes_level":1,"effect":3,"effect_value":1.353,"position":7},{"timing_sec":53.523,"notes_attribute":1,"notes_level":1,"effect":1,"effect_value":0.113,"position":1},{"timing_sec":53.748,"notes_attribute":1,"notes_level":1,"effect":1,"effect_value":0.113,"position":2},{"timing_sec":53.974,"notes_attribute":1,"notes_level":1,"effect":1,"effect_value":0.113,"position":3},{"timing_sec":54.199,"notes_attribute":1,"notes_level":1,"effect":2,"effect_value":0.113,"position":4},{"timing_sec":54.425,"notes_attribute":1,"notes_level":1,"effect":1,"effect_value":0.113,"position":5},{"timing_sec":54.65,"notes_attribute":1,"notes_level":1,"effect":1,"effect_value":0.113,"position":4},{"timing_sec":54.876,"notes_attribute":1,"notes_level":1,"effect":4,"effect_value":0.113,"position":3},{"timing_sec":55.327,"notes_attribute":1,"notes_level":1,"effect":3,"effect_value":0.451,"position":1},{"timing_sec":55.327,"notes_attribute":1,"notes_level":1,"effect":3,"effect_value":0.451,"position":7},{"timing_sec":56.004,"notes_attribute":1,"notes_level":1,"effect":1,"effect_value":0.113,"position":8},{"timing_sec":56.004,"notes_attribute":1,"notes_level":1,"effect":1,"effect_value":0.113,"position":2},{"timing_sec":56.455,"notes_attribute":1,"notes_level":1,"effect":1,"effect_value":0.113,"position":4},{"timing_sec":56.568,"notes_attribute":1,"notes_level":1,"effect":1,"effect_value":0.092,"position":6},{"timing_sec":56.68,"notes_attribute":1,"notes_level":1,"effect":1,"effect_value":0.113,"position":3},{"timing_sec":56.68,"notes_attribute":1,"notes_level":1,"effect":1,"effect_value":0.113,"position":7},{"timing_sec":57.132,"notes_attribute":1,"notes_level":1,"effect":3,"effect_value":0.451,"position":3},{"timing_sec":57.132,"notes_attribute":1,"notes_level":1,"effect":3,"effect_value":0.451,"position":9},{"timing_sec":57.808,"notes_attribute":1,"notes_level":1,"effect":1,"effect_value":0.113,"position":8},{"timing_sec":57.808,"notes_attribute":1,"notes_level":1,"effect":1,"effect_value":0.113,"position":2},{"timing_sec":58.259,"notes_attribute":1,"notes_level":1,"effect":1,"effect_value":0.113,"position":6},{"timing_sec":58.372,"notes_attribute":1,"notes_level":1,"effect":1,"effect_value":0.113,"position":4},{"timing_sec":58.485,"notes_attribute":1,"notes_level":1,"effect":2,"effect_value":0.113,"position":6},{"timing_sec":58.598,"notes_attribute":1,"notes_level":1,"effect":1,"effect_value":0.113,"position":4},{"timing_sec":58.711,"notes_attribute":1,"notes_level":1,"effect":1,"effect_value":0.113,"position":6},{"timing_sec":58.936,"notes_attribute":1,"notes_level":16,"effect":11,"effect_value":0.113,"position":2},{"timing_sec":59.049,"notes_attribute":1,"notes_level":16,"effect":11,"effect_value":0.113,"position":3},{"timing_sec":59.162,"notes_attribute":1,"notes_level":16,"effect":11,"effect_value":0.113,"position":4},{"timing_sec":59.274,"notes_attribute":1,"notes_level":1,"effect":4,"effect_value":0.113,"position":9},{"timing_sec":59.274,"notes_attribute":1,"notes_level":16,"effect":11,"effect_value":0.113,"position":5},{"timing_sec":59.613,"notes_attribute":1,"notes_level":1,"effect":1,"effect_value":0.113,"position":8},{"timing_sec":59.726,"notes_attribute":1,"notes_level":1,"effect":1,"effect_value":0.113,"position":2},{"timing_sec":59.838,"notes_attribute":1,"notes_level":17,"effect":11,"effect_value":0.113,"position":8},{"timing_sec":59.951,"notes_attribute":1,"notes_level":17,"effect":11,"effect_value":0.113,"position":7},{"timing_sec":60.064,"notes_attribute":1,"notes_level":17,"effect":11,"effect_value":0.113,"position":6},{"timing_sec":60.177,"notes_attribute":1,"notes_level":1,"effect":4,"effect_value":0.113,"position":1},{"timing_sec":60.177,"notes_attribute":1,"notes_level":17,"effect":11,"effect_value":0.113,"position":5},{"timing_sec":60.515,"notes_attribute":1,"notes_level":1,"effect":1,"effect_value":0.113,"position":4},{"timing_sec":60.628,"notes_attribute":1,"notes_level":1,"effect":1,"effect_value":0.113,"position":6},{"timing_sec":60.741,"notes_attribute":1,"notes_level":1,"effect":4,"effect_value":0.113,"position":6},{"timing_sec":60.741,"notes_attribute":1,"notes_level":1,"effect":1,"effect_value":0.113,"position":4},{"timing_sec":60.966,"notes_attribute":1,"notes_level":1,"effect":4,"effect_value":0.113,"position":3},{"timing_sec":60.966,"notes_attribute":1,"notes_level":1,"effect":2,"effect_value":0.113,"position":9},{"timing_sec":61.192,"notes_attribute":1,"notes_level":1,"effect":4,"effect_value":0.113,"position":2},{"timing_sec":61.192,"notes_attribute":1,"notes_level":1,"effect":1,"effect_value":0.113,"position":8},{"timing_sec":61.417,"notes_attribute":1,"notes_level":1,"effect":4,"effect_value":0.113,"position":1},{"timing_sec":61.417,"notes_attribute":1,"notes_level":1,"effect":1,"effect_value":0.113,"position":7},{"timing_sec":61.643,"notes_attribute":1,"notes_level":1,"effect":4,"effect_value":0.113,"position":8},{"timing_sec":61.643,"notes_attribute":1,"notes_level":1,"effect":1,"effect_value":0.113,"position":2},{"timing_sec":61.868,"notes_attribute":1,"notes_level":1,"effect":4,"effect_value":0.113,"position":9},{"timing_sec":61.868,"notes_attribute":1,"notes_level":1,"effect":1,"effect_value":0.113,"position":3},{"timing_sec":62.094,"notes_attribute":1,"notes_level":18,"effect":11,"effect_value":0.113,"position":1},{"timing_sec":62.207,"notes_attribute":1,"notes_level":18,"effect":11,"effect_value":0.113,"position":2},{"timing_sec":62.32,"notes_attribute":1,"notes_level":18,"effect":11,"effect_value":0.113,"position":3},{"timing_sec":62.432,"notes_attribute":1,"notes_level":18,"effect":11,"effect_value":0.113,"position":4},{"timing_sec":62.545,"notes_attribute":1,"notes_level":1,"effect":4,"effect_value":0.113,"position":9},{"timing_sec":62.545,"notes_attribute":1,"notes_level":18,"effect":11,"effect_value":0.113,"position":5},{"timing_sec":62.771,"notes_attribute":1,"notes_level":1,"effect":1,"effect_value":0.113,"position":1},{"timing_sec":62.996,"notes_attribute":1,"notes_level":1,"effect":1,"effect_value":0.113,"position":2},{"timing_sec":62.996,"notes_attribute":1,"notes_level":1,"effect":1,"effect_value":0.113,"position":6},{"timing_sec":63.222,"notes_attribute":1,"notes_level":1,"effect":1,"effect_value":0.113,"position":7},{"timing_sec":63.222,"notes_attribute":1,"notes_level":1,"effect":1,"effect_value":0.113,"position":3},{"timing_sec":63.447,"notes_attribute":1,"notes_level":1,"effect":2,"effect_value":0.113,"position":8},{"timing_sec":63.447,"notes_attribute":1,"notes_level":1,"effect":1,"effect_value":0.113,"position":4},{"timing_sec":63.673,"notes_attribute":1,"notes_level":1,"effect":1,"effect_value":0.113,"position":1},{"timing_sec":63.786,"notes_attribute":1,"notes_level":1,"effect":1,"effect_value":0.091,"position":9},{"timing_sec":63.899,"notes_attribute":1,"notes_level":1,"effect":1,"effect_value":0.113,"position":8},{"timing_sec":63.899,"notes_attribute":1,"notes_level":1,"effect":1,"effect_value":0.113,"position":2},{"timing_sec":64.124,"notes_attribute":1,"notes_level":19,"effect":11,"effect_value":0.113,"position":1},{"timing_sec":64.124,"notes_attribute":1,"notes_level":20,"effect":11,"effect_value":0.113,"position":7},{"timing_sec":64.237,"notes_attribute":1,"notes_level":19,"effect":11,"effect_value":0.113,"position":2},{"timing_sec":64.237,"notes_attribute":1,"notes_level":20,"effect":11,"effect_value":0.113,"position":6},{"timing_sec":64.35,"notes_attribute":1,"notes_level":19,"effect":11,"effect_value":0.113,"position":3},{"timing_sec":64.35,"notes_attribute":1,"notes_level":20,"effect":11,"effect_value":0.113,"position":5},{"timing_sec":64.575,"notes_attribute":1,"notes_level":1,"effect":1,"effect_value":0.113,"position":9},{"timing_sec":64.575,"notes_attribute":1,"notes_level":1,"effect":1,"effect_value":0.113,"position":4},{"timing_sec":64.801,"notes_attribute":1,"notes_level":1,"effect":2,"effect_value":0.113,"position":8},{"timing_sec":64.801,"notes_attribute":1,"notes_level":1,"effect":1,"effect_value":0.113,"position":2},{"timing_sec":65.026,"notes_attribute":1,"notes_level":1,"effect":1,"effect_value":0.113,"position":1},{"timing_sec":65.026,"notes_attribute":1,"notes_level":1,"effect":1,"effect_value":0.113,"position":6},{"timing_sec":65.252,"notes_attribute":1,"notes_level":1,"effect":1,"effect_value":0.113,"position":7},{"timing_sec":65.252,"notes_attribute":1,"notes_level":1,"effect":1,"effect_value":0.113,"position":3},{"timing_sec":65.477,"notes_attribute":1,"notes_level":1,"effect":1,"effect_value":0.113,"position":8},{"timing_sec":65.59,"notes_attribute":1,"notes_level":1,"effect":1,"effect_value":0.113,"position":2},{"timing_sec":65.703,"notes_attribute":1,"notes_level":1,"effect":1,"effect_value":0.113,"position":9},{"timing_sec":65.703,"notes_attribute":1,"notes_level":1,"effect":4,"effect_value":0.113,"position":1},{"timing_sec":65.929,"notes_attribute":1,"notes_level":1,"effect":1,"effect_value":0.113,"position":5},{"timing_sec":66.154,"notes_attribute":1,"notes_level":1,"effect":1,"effect_value":0.113,"position":7},{"timing_sec":66.154,"notes_attribute":1,"notes_level":1,"effect":4,"effect_value":0.113,"position":3},{"timing_sec":66.38,"notes_attribute":1,"notes_level":1,"effect":1,"effect_value":0.113,"position":1},{"timing_sec":66.493,"notes_attribute":1,"notes_level":1,"effect":1,"effect_value":0.113,"position":9},{"timing_sec":66.605,"notes_attribute":1,"notes_level":21,"effect":11,"effect_value":0.113,"position":1},{"timing_sec":66.718,"notes_attribute":1,"notes_level":21,"effect":11,"effect_value":0.113,"position":2},{"timing_sec":66.831,"notes_attribute":1,"notes_level":21,"effect":11,"effect_value":0.113,"position":3},{"timing_sec":66.944,"notes_attribute":1,"notes_level":21,"effect":11,"effect_value":0.113,"position":4},{"timing_sec":67.056,"notes_attribute":1,"notes_level":1,"effect":4,"effect_value":0.113,"position":9},{"timing_sec":67.056,"notes_attribute":1,"notes_level":21,"effect":11,"effect_value":0.113,"position":5},{"timing_sec":67.282,"notes_attribute":1,"notes_level":1,"effect":1,"effect_value":0.113,"position":9},{"timing_sec":67.395,"notes_attribute":1,"notes_level":1,"effect":1,"effect_value":0.113,"position":1},{"timing_sec":67.508,"notes_attribute":1,"notes_level":22,"effect":11,"effect_value":0.113,"position":9},{"timing_sec":67.62,"notes_attribute":1,"notes_level":22,"effect":11,"effect_value":0.113,"position":8},{"timing_sec":67.733,"notes_attribute":1,"notes_level":22,"effect":11,"effect_value":0.113,"position":7},{"timing_sec":67.846,"notes_attribute":1,"notes_level":22,"effect":11,"effect_value":0.113,"position":6},{"timing_sec":67.959,"notes_attribute":1,"notes_level":1,"effect":4,"effect_value":0.113,"position":1},{"timing_sec":67.959,"notes_attribute":1,"notes_level":22,"effect":11,"effect_value":0.113,"position":5},{"timing_sec":68.184,"notes_attribute":1,"notes_level":1,"effect":1,"effect_value":0.113,"position":5},{"timing_sec":68.41,"notes_attribute":1,"notes_level":1,"effect":2,"effect_value":0.113,"position":8},{"timing_sec":68.41,"notes_attribute":1,"notes_level":1,"effect":1,"effect_value":0.113,"position":2},{"timing_sec":68.635,"notes_attribute":1,"notes_level":23,"effect":11,"effect_value":0.113,"position":9},{"timing_sec":68.635,"notes_attribute":1,"notes_level":24,"effect":11,"effect_value":0.113,"position":1},{"timing_sec":68.748,"notes_attribute":1,"notes_level":23,"effect":11,"effect_value":0.113,"position":8},{"timing_sec":68.748,"notes_attribute":1,"notes_level":24,"effect":11,"effect_value":0.113,"position":2},{"timing_sec":68.861,"notes_attribute":1,"notes_level":23,"effect":11,"effect_value":0.113,"position":7},{"timing_sec":68.861,"notes_attribute":1,"notes_level":24,"effect":11,"effect_value":0.113,"position":3},{"timing_sec":69.086,"notes_attribute":1,"notes_level":1,"effect":1,"effect_value":0.113,"position":4},{"timing_sec":69.199,"notes_attribute":1,"notes_level":1,"effect":1,"effect_value":0.113,"position":6},{"timing_sec":69.312,"notes_attribute":1,"notes_level":1,"effect":1,"effect_value":0.113,"position":4},{"timing_sec":69.425,"notes_attribute":1,"notes_level":1,"effect":1,"effect_value":0.113,"position":6},{"timing_sec":69.538,"notes_attribute":1,"notes_level":1,"effect":1,"effect_value":0.113,"position":4},{"timing_sec":69.763,"notes_attribute":1,"notes_level":1,"effect":1,"effect_value":0.113,"position":5},{"timing_sec":69.763,"notes_attribute":1,"notes_level":1,"effect":4,"effect_value":0.113,"position":1},{"timing_sec":69.989,"notes_attribute":1,"notes_level":1,"effect":1,"effect_value":0.113,"position":9},{"timing_sec":70.214,"notes_attribute":1,"notes_level":1,"effect":1,"effect_value":0.113,"position":8},{"timing_sec":70.214,"notes_attribute":1,"notes_level":1,"effect":1,"effect_value":0.113,"position":4},{"timing_sec":70.44,"notes_attribute":1,"notes_level":1,"effect":1,"effect_value":0.113,"position":7},{"timing_sec":70.44,"notes_attribute":1,"notes_level":1,"effect":1,"effect_value":0.113,"position":3},{"timing_sec":70.665,"notes_attribute":1,"notes_level":1,"effect":2,"effect_value":0.113,"position":2},{"timing_sec":70.665,"notes_attribute":1,"notes_level":1,"effect":1,"effect_value":0.113,"position":6},{"timing_sec":70.891,"notes_attribute":1,"notes_level":1,"effect":1,"effect_value":0.113,"position":9},{"timing_sec":71.004,"notes_attribute":1,"notes_level":1,"effect":1,"effect_value":0.081,"position":1},{"timing_sec":71.117,"notes_attribute":1,"notes_level":1,"effect":1,"effect_value":0.113,"position":8},{"timing_sec":71.117,"notes_attribute":1,"notes_level":1,"effect":1,"effect_value":0.113,"position":2},{"timing_sec":71.342,"notes_attribute":1,"notes_level":25,"effect":11,"effect_value":0.113,"position":9},{"timing_sec":71.342,"notes_attribute":1,"notes_level":26,"effect":11,"effect_value":0.113,"position":3},{"timing_sec":71.455,"notes_attribute":1,"notes_level":25,"effect":11,"effect_value":0.113,"position":8},{"timing_sec":71.455,"notes_attribute":1,"notes_level":26,"effect":11,"effect_value":0.113,"position":4},{"timing_sec":71.568,"notes_attribute":1,"notes_level":25,"effect":11,"effect_value":0.113,"position":7},{"timing_sec":71.568,"notes_attribute":1,"notes_level":26,"effect":11,"effect_value":0.113,"position":5},{"timing_sec":71.793,"notes_attribute":1,"notes_level":1,"effect":1,"effect_value":0.113,"position":1},{"timing_sec":71.793,"notes_attribute":1,"notes_level":1,"effect":1,"effect_value":0.113,"position":6},{"timing_sec":72.019,"notes_attribute":1,"notes_level":1,"effect":1,"effect_value":0.113,"position":8},{"timing_sec":72.019,"notes_attribute":1,"notes_level":1,"effect":1,"effect_value":0.113,"position":2},{"timing_sec":72.244,"notes_attribute":1,"notes_level":1,"effect":1,"effect_value":0.113,"position":9},{"timing_sec":72.244,"notes_attribute":1,"notes_level":1,"effect":1,"effect_value":0.113,"position":4},{"timing_sec":72.47,"notes_attribute":1,"notes_level":1,"effect":1,"effect_value":0.113,"position":7},{"timing_sec":72.47,"notes_attribute":1,"notes_level":1,"effect":2,"effect_value":0.113,"position":3},{"timing_sec":72.696,"notes_attribute":1,"notes_level":1,"effect":1,"effect_value":0.113,"position":2},{"timing_sec":72.808,"notes_attribute":1,"notes_level":1,"effect":1,"effect_value":0.113,"position":8},{"timing_sec":72.921,"notes_attribute":1,"notes_level":1,"effect":1,"effect_value":0.113,"position":9},{"timing_sec":72.921,"notes_attribute":1,"notes_level":1,"effect":4,"effect_value":0.113,"position":1},{"timing_sec":73.147,"notes_attribute":1,"notes_level":1,"effect":1,"effect_value":0.113,"position":5},{"timing_sec":73.372,"notes_attribute":1,"notes_level":1,"effect":3,"effect_value":0.226,"position":9},{"timing_sec":73.372,"notes_attribute":1,"notes_level":1,"effect":3,"effect_value":0.226,"position":1},{"timing_sec":73.823,"notes_attribute":1,"notes_level":1,"effect":3,"effect_value":0.226,"position":8},{"timing_sec":73.823,"notes_attribute":1,"notes_level":1,"effect":3,"effect_value":0.226,"position":2},{"timing_sec":74.274,"notes_attribute":1,"notes_level":1,"effect":1,"effect_value":0.113,"position":7},{"timing_sec":74.274,"notes_attribute":1,"notes_level":1,"effect":4,"effect_value":0.113,"position":3},{"timing_sec":74.5,"notes_attribute":1,"notes_level":1,"effect":1,"effect_value":0.113,"position":4},{"timing_sec":74.613,"notes_attribute":1,"notes_level":1,"effect":1,"effect_value":0.113,"position":6},{"timing_sec":74.726,"notes_attribute":1,"notes_level":27,"effect":11,"effect_value":0.113,"position":5},{"timing_sec":74.838,"notes_attribute":1,"notes_level":27,"effect":11,"effect_value":0.113,"position":6},{"timing_sec":74.951,"notes_attribute":1,"notes_level":27,"effect":11,"effect_value":0.113,"position":7},{"timing_sec":75.064,"notes_attribute":1,"notes_level":27,"effect":11,"effect_value":0.113,"position":8},{"timing_sec":75.177,"notes_attribute":1,"notes_level":1,"effect":4,"effect_value":0.113,"position":1},{"timing_sec":75.177,"notes_attribute":1,"notes_level":27,"effect":11,"effect_value":0.113,"position":9},{"timing_sec":75.402,"notes_attribute":1,"notes_level":1,"effect":1,"effect_value":0.113,"position":6},{"timing_sec":75.402,"notes_attribute":1,"notes_level":1,"effect":1,"effect_value":0.113,"position":4},{"timing_sec":75.628,"notes_attribute":1,"notes_level":1,"effect":1,"effect_value":0.113,"position":3},{"timing_sec":75.741,"notes_attribute":1,"notes_level":1,"effect":1,"effect_value":0.113,"position":8},{"timing_sec":75.853,"notes_attribute":1,"notes_level":1,"effect":2,"effect_value":0.113,"position":3},{"timing_sec":76.079,"notes_attribute":1,"notes_level":1,"effect":1,"effect_value":0.113,"position":7},{"timing_sec":76.192,"notes_attribute":1,"notes_level":1,"effect":1,"effect_value":0.113,"position":2},{"timing_sec":76.305,"notes_attribute":1,"notes_level":1,"effect":1,"effect_value":0.113,"position":7},{"timing_sec":76.53,"notes_attribute":1,"notes_level":1,"effect":4,"effect_value":0.113,"position":9},{"timing_sec":76.53,"notes_attribute":1,"notes_level":28,"effect":11,"effect_value":0.113,"position":5},{"timing_sec":76.643,"notes_attribute":1,"notes_level":28,"effect":11,"effect_value":0.113,"position":4},{"timing_sec":76.756,"notes_attribute":1,"notes_level":28,"effect":11,"effect_value":0.113,"position":3},{"timing_sec":76.868,"notes_attribute":1,"notes_level":28,"effect":11,"effect_value":0.113,"position":2},{"timing_sec":76.981,"notes_attribute":1,"notes_level":1,"effect":4,"effect_value":0.113,"position":6},{"timing_sec":76.981,"notes_attribute":1,"notes_level":28,"effect":11,"effect_value":0.113,"position":1},{"timing_sec":77.207,"notes_attribute":1,"notes_level":1,"effect":1,"effect_value":0.113,"position":4},{"timing_sec":77.432,"notes_attribute":1,"notes_level":1,"effect":1,"effect_value":0.113,"position":9},{"timing_sec":77.432,"notes_attribute":1,"notes_level":1,"effect":1,"effect_value":0.113,"position":3},{"timing_sec":77.658,"notes_attribute":1,"notes_level":1,"effect":1,"effect_value":0.113,"position":2},{"timing_sec":77.658,"notes_attribute":1,"notes_level":1,"effect":1,"effect_value":0.113,"position":8},{"timing_sec":77.883,"notes_attribute":1,"notes_level":1,"effect":2,"effect_value":0.113,"position":1},{"timing_sec":77.883,"notes_attribute":1,"notes_level":1,"effect":1,"effect_value":0.113,"position":7},{"timing_sec":78.109,"notes_attribute":1,"notes_level":1,"effect":1,"effect_value":0.113,"position":4},{"timing_sec":78.222,"notes_attribute":1,"notes_level":1,"effect":1,"effect_value":0.085,"position":6},{"timing_sec":78.335,"notes_attribute":1,"notes_level":1,"effect":1,"effect_value":0.113,"position":7},{"timing_sec":78.335,"notes_attribute":1,"notes_level":1,"effect":1,"effect_value":0.113,"position":3},{"timing_sec":78.56,"notes_attribute":1,"notes_level":29,"effect":11,"effect_value":0.113,"position":5},{"timing_sec":78.56,"notes_attribute":1,"notes_level":30,"effect":11,"effect_value":0.113,"position":7},{"timing_sec":78.673,"notes_attribute":1,"notes_level":29,"effect":11,"effect_value":0.113,"position":4},{"timing_sec":78.673,"notes_attribute":1,"notes_level":30,"effect":11,"effect_value":0.113,"position":8},{"timing_sec":78.786,"notes_attribute":1,"notes_level":29,"effect":11,"effect_value":0.113,"position":3},{"timing_sec":78.786,"notes_attribute":1,"notes_level":30,"effect":11,"effect_value":0.113,"position":9},{"timing_sec":79.011,"notes_attribute":1,"notes_level":1,"effect":1,"effect_value":0.113,"position":9},{"timing_sec":79.011,"notes_attribute":1,"notes_level":1,"effect":1,"effect_value":0.113,"position":4},{"timing_sec":79.237,"notes_attribute":1,"notes_level":1,"effect":1,"effect_value":0.113,"position":3},{"timing_sec":79.237,"notes_attribute":1,"notes_level":1,"effect":1,"effect_value":0.113,"position":7},{"timing_sec":79.462,"notes_attribute":1,"notes_level":1,"effect":1,"effect_value":0.113,"position":1},{"timing_sec":79.462,"notes_attribute":1,"notes_level":1,"effect":2,"effect_value":0.113,"position":6},{"timing_sec":79.688,"notes_attribute":1,"notes_level":1,"effect":1,"effect_value":0.113,"position":8},{"timing_sec":79.688,"notes_attribute":1,"notes_level":1,"effect":1,"effect_value":0.113,"position":2},{"timing_sec":79.914,"notes_attribute":1,"notes_level":1,"effect":1,"effect_value":0.113,"position":7},{"timing_sec":80.026,"notes_attribute":1,"notes_level":1,"effect":1,"effect_value":0.113,"position":3},{"timing_sec":80.139,"notes_attribute":1,"notes_level":1,"effect":1,"effect_value":0.113,"position":6},{"timing_sec":80.139,"notes_attribute":1,"notes_level":1,"effect":4,"effect_value":0.113,"position":4},{"timing_sec":80.365,"notes_attribute":1,"notes_level":1,"effect":1,"effect_value":0.113,"position":5},{"timing_sec":80.59,"notes_attribute":1,"notes_level":1,"effect":1,"effect_value":0.113,"position":8},{"timing_sec":80.59,"notes_attribute":1,"notes_level":1,"effect":4,"effect_value":0.113,"position":2},{"timing_sec":80.816,"notes_attribute":1,"notes_level":1,"effect":1,"effect_value":0.113,"position":4},{"timing_sec":80.929,"notes_attribute":1,"notes_level":1,"effect":1,"effect_value":0.113,"position":6},{"timing_sec":81.041,"notes_attribute":1,"notes_level":31,"effect":11,"effect_value":0.113,"position":5},{"timing_sec":81.154,"notes_attribute":1,"notes_level":31,"effect":11,"effect_value":0.113,"position":4},{"timing_sec":81.267,"notes_attribute":1,"notes_level":31,"effect":11,"effect_value":0.113,"position":3},{"timing_sec":81.38,"notes_attribute":1,"notes_level":31,"effect":11,"effect_value":0.113,"position":2},{"timing_sec":81.493,"notes_attribute":1,"notes_level":1,"effect":4,"effect_value":0.113,"position":9},{"timing_sec":81.493,"notes_attribute":1,"notes_level":31,"effect":11,"effect_value":0.113,"position":1},{"timing_sec":81.718,"notes_attribute":1,"notes_level":1,"effect":1,"effect_value":0.113,"position":6},{"timing_sec":81.831,"notes_attribute":1,"notes_level":1,"effect":2,"effect_value":0.113,"position":4},{"timing_sec":81.944,"notes_attribute":1,"notes_level":32,"effect":11,"effect_value":0.113,"position":5},{"timing_sec":82.056,"notes_attribute":1,"notes_level":32,"effect":11,"effect_value":0.113,"position":6},{"timing_sec":82.169,"notes_attribute":1,"notes_level":32,"effect":11,"effect_value":0.113,"position":7},{"timing_sec":82.282,"notes_attribute":1,"notes_level":32,"effect":11,"effect_value":0.113,"position":8},{"timing_sec":82.395,"notes_attribute":1,"notes_level":1,"effect":4,"effect_value":0.113,"position":1},{"timing_sec":82.395,"notes_attribute":1,"notes_level":32,"effect":11,"effect_value":0.113,"position":9},{"timing_sec":82.62,"notes_attribute":1,"notes_level":1,"effect":1,"effect_value":0.113,"position":5},{"timing_sec":82.846,"notes_attribute":1,"notes_level":1,"effect":1,"effect_value":0.113,"position":7},{"timing_sec":82.846,"notes_attribute":1,"notes_level":1,"effect":1,"effect_value":0.113,"position":3},{"timing_sec":83.071,"notes_attribute":1,"notes_level":33,"effect":11,"effect_value":0.113,"position":5},{"timing_sec":83.071,"notes_attribute":1,"notes_level":34,"effect":11,"effect_value":0.113,"position":3},{"timing_sec":83.184,"notes_attribute":1,"notes_level":33,"effect":11,"effect_value":0.113,"position":6},{"timing_sec":83.184,"notes_attribute":1,"notes_level":34,"effect":11,"effect_value":0.113,"position":2},{"timing_sec":83.297,"notes_attribute":1,"notes_level":33,"effect":11,"effect_value":0.113,"position":7},{"timing_sec":83.297,"notes_attribute":1,"notes_level":34,"effect":11,"effect_value":0.113,"position":1},{"timing_sec":83.523,"notes_attribute":1,"notes_level":1,"effect":1,"effect_value":0.113,"position":9},{"timing_sec":83.635,"notes_attribute":1,"notes_level":1,"effect":2,"effect_value":0.113,"position":1},{"timing_sec":83.748,"notes_attribute":1,"notes_level":1,"effect":1,"effect_value":0.113,"position":9},{"timing_sec":83.861,"notes_attribute":1,"notes_level":1,"effect":1,"effect_value":0.113,"position":1},{"timing_sec":83.974,"notes_attribute":1,"notes_level":1,"effect":1,"effect_value":0.113,"position":9},{"timing_sec":84.199,"notes_attribute":1,"notes_level":1,"effect":4,"effect_value":0.113,"position":6},{"timing_sec":84.199,"notes_attribute":1,"notes_level":1,"effect":1,"effect_value":0.113,"position":4},{"timing_sec":84.425,"notes_attribute":1,"notes_level":1,"effect":1,"effect_value":0.113,"position":5},{"timing_sec":84.65,"notes_attribute":1,"notes_level":1,"effect":1,"effect_value":0.113,"position":1},{"timing_sec":84.65,"notes_attribute":1,"notes_level":1,"effect":1,"effect_value":0.113,"position":7},{"timing_sec":84.876,"notes_attribute":1,"notes_level":1,"effect":1,"effect_value":0.113,"position":8},{"timing_sec":84.876,"notes_attribute":1,"notes_level":1,"effect":1,"effect_value":0.113,"position":2},{"timing_sec":85.102,"notes_attribute":1,"notes_level":1,"effect":1,"effect_value":0.113,"position":9},{"timing_sec":85.102,"notes_attribute":1,"notes_level":1,"effect":1,"effect_value":0.113,"position":3},{"timing_sec":85.327,"notes_attribute":1,"notes_level":1,"effect":1,"effect_value":0.113,"position":6},{"timing_sec":85.44,"notes_attribute":1,"notes_level":1,"effect":2,"effect_value":0.079,"position":4},{"timing_sec":85.553,"notes_attribute":1,"notes_level":1,"effect":1,"effect_value":0.113,"position":7},{"timing_sec":85.553,"notes_attribute":1,"notes_level":1,"effect":1,"effect_value":0.113,"position":3},{"timing_sec":85.778,"notes_attribute":1,"notes_level":35,"effect":11,"effect_value":0.113,"position":5},{"timing_sec":85.778,"notes_attribute":1,"notes_level":36,"effect":11,"effect_value":0.113,"position":1},{"timing_sec":85.891,"notes_attribute":1,"notes_level":35,"effect":11,"effect_value":0.113,"position":6},{"timing_sec":85.891,"notes_attribute":1,"notes_level":36,"effect":11,"effect_value":0.113,"position":2},{"timing_sec":86.004,"notes_attribute":1,"notes_level":35,"effect":11,"effect_value":0.113,"position":7},{"timing_sec":86.004,"notes_attribute":1,"notes_level":36,"effect":11,"effect_value":0.113,"position":3},{"timing_sec":86.229,"notes_attribute":1,"notes_level":1,"effect":1,"effect_value":0.113,"position":1},{"timing_sec":86.229,"notes_attribute":1,"notes_level":1,"effect":1,"effect_value":0.113,"position":6},{"timing_sec":86.455,"notes_attribute":1,"notes_level":1,"effect":1,"effect_value":0.113,"position":7},{"timing_sec":86.455,"notes_attribute":1,"notes_level":1,"effect":1,"effect_value":0.113,"position":3},{"timing_sec":86.68,"notes_attribute":1,"notes_level":1,"effect":1,"effect_value":0.113,"position":9},{"timing_sec":86.68,"notes_attribute":1,"notes_level":1,"effect":1,"effect_value":0.113,"position":4},{"timing_sec":86.906,"notes_attribute":1,"notes_level":1,"effect":1,"effect_value":0.113,"position":8},{"timing_sec":86.906,"notes_attribute":1,"notes_level":1,"effect":2,"effect_value":0.113,"position":2},{"timing_sec":87.132,"notes_attribute":1,"notes_level":1,"effect":1,"effect_value":0.113,"position":3},{"timing_sec":87.244,"notes_attribute":1,"notes_level":1,"effect":1,"effect_value":0.113,"position":7},{"timing_sec":87.357,"notes_attribute":1,"notes_level":1,"effect":1,"effect_value":0.113,"position":6},{"timing_sec":87.357,"notes_attribute":1,"notes_level":1,"effect":4,"effect_value":0.113,"position":4},{"timing_sec":87.583,"notes_attribute":1,"notes_level":1,"effect":1,"effect_value":0.113,"position":5},{"timing_sec":87.808,"notes_attribute":1,"notes_level":1,"effect":3,"effect_value":0.226,"position":6},{"timing_sec":87.808,"notes_attribute":1,"notes_level":1,"effect":3,"effect_value":0.226,"position":4},{"timing_sec":88.259,"notes_attribute":1,"notes_level":1,"effect":3,"effect_value":0.226,"position":7},{"timing_sec":88.259,"notes_attribute":1,"notes_level":1,"effect":3,"effect_value":0.226,"position":3},{"timing_sec":88.711,"notes_attribute":1,"notes_level":1,"effect":4,"effect_value":0.113,"position":8},{"timing_sec":88.711,"notes_attribute":1,"notes_level":1,"effect":1,"effect_value":0.113,"position":2},{"timing_sec":88.936,"notes_attribute":1,"notes_level":1,"effect":1,"effect_value":0.113,"position":1},{"timing_sec":89.049,"notes_attribute":1,"notes_level":1,"effect":1,"effect_value":0.113,"position":9},{"timing_sec":89.162,"notes_attribute":1,"notes_level":37,"effect":11,"effect_value":0.113,"position":1},{"timing_sec":89.274,"notes_attribute":1,"notes_level":37,"effect":11,"effect_value":0.113,"position":2},{"timing_sec":89.387,"notes_attribute":1,"notes_level":37,"effect":11,"effect_value":0.113,"position":3},{"timing_sec":89.5,"notes_attribute":1,"notes_level":37,"effect":11,"effect_value":0.113,"position":4},{"timing_sec":89.613,"notes_attribute":1,"notes_level":1,"effect":4,"effect_value":0.113,"position":9},{"timing_sec":89.613,"notes_attribute":1,"notes_level":37,"effect":11,"effect_value":0.113,"position":5},{"timing_sec":89.838,"notes_attribute":1,"notes_level":1,"effect":1,"effect_value":0.113,"position":1},{"timing_sec":90.064,"notes_attribute":1,"notes_level":1,"effect":1,"effect_value":0.113,"position":6},{"timing_sec":90.064,"notes_attribute":1,"notes_level":1,"effect":1,"effect_value":0.113,"position":4},{"timing_sec":90.29,"notes_attribute":1,"notes_level":1,"effect":1,"effect_value":0.113,"position":7},{"timing_sec":90.402,"notes_attribute":1,"notes_level":1,"effect":2,"effect_value":0.113,"position":3},{"timing_sec":90.515,"notes_attribute":1,"notes_level":1,"effect":1,"effect_value":0.113,"position":7},{"timing_sec":90.741,"notes_attribute":1,"notes_level":1,"effect":1,"effect_value":0.113,"position":5},{"timing_sec":90.966,"notes_attribute":1,"notes_level":1,"effect":1,"effect_value":0.113,"position":8},{"timing_sec":90.966,"notes_attribute":1,"notes_level":1,"effect":1,"effect_value":0.113,"position":2},{"timing_sec":91.417,"notes_attribute":1,"notes_level":1,"effect":1,"effect_value":0.113,"position":9},{"timing_sec":91.417,"notes_attribute":1,"notes_level":1,"effect":1,"effect_value":0.113,"position":3},{"timing_sec":91.643,"notes_attribute":1,"notes_level":1,"effect":1,"effect_value":0.113,"position":2},{"timing_sec":91.868,"notes_attribute":1,"notes_level":1,"effect":1,"effect_value":0.113,"position":1},{"timing_sec":91.868,"notes_attribute":1,"notes_level":1,"effect":1,"effect_value":0.113,"position":7},{"timing_sec":92.094,"notes_attribute":1,"notes_level":1,"effect":1,"effect_value":0.113,"position":8},{"timing_sec":92.207,"notes_attribute":1,"notes_level":1,"effect":1,"effect_value":0.087,"position":4},{"timing_sec":92.32,"notes_attribute":1,"notes_level":1,"effect":1,"effect_value":0.113,"position":7},{"timing_sec":92.32,"notes_attribute":1,"notes_level":1,"effect":1,"effect_value":0.113,"position":3},{"timing_sec":92.545,"notes_attribute":1,"notes_level":1,"effect":1,"effect_value":0.113,"position":2},{"timing_sec":92.658,"notes_attribute":1,"notes_level":1,"effect":1,"effect_value":0.087,"position":6},{"timing_sec":92.771,"notes_attribute":1,"notes_level":1,"effect":1,"effect_value":0.113,"position":7},{"timing_sec":92.771,"notes_attribute":1,"notes_level":1,"effect":1,"effect_value":0.113,"position":3},{"timing_sec":92.996,"notes_attribute":1,"notes_level":1,"effect":1,"effect_value":0.113,"position":4},{"timing_sec":93.109,"notes_attribute":1,"notes_level":1,"effect":1,"effect_value":0.087,"position":6},{"timing_sec":93.222,"notes_attribute":1,"notes_level":1,"effect":4,"effect_value":0.113,"position":8},{"timing_sec":93.222,"notes_attribute":1,"notes_level":1,"effect":4,"effect_value":0.113,"position":4},{"timing_sec":93.447,"notes_attribute":1,"notes_level":1,"effect":1,"effect_value":0.113,"position":3},{"timing_sec":93.673,"notes_attribute":1,"notes_level":1,"effect":4,"effect_value":0.113,"position":2},{"timing_sec":93.673,"notes_attribute":1,"notes_level":1,"effect":4,"effect_value":0.113,"position":6},{"timing_sec":93.899,"notes_attribute":1,"notes_level":1,"effect":1,"effect_value":0.113,"position":7},{"timing_sec":94.124,"notes_attribute":1,"notes_level":1,"effect":4,"effect_value":0.113,"position":9},{"timing_sec":94.124,"notes_attribute":1,"notes_level":1,"effect":4,"effect_value":0.113,"position":3},{"timing_sec":94.35,"notes_attribute":1,"notes_level":1,"effect":2,"effect_value":0.113,"position":2},{"timing_sec":94.575,"notes_attribute":1,"notes_level":1,"effect":4,"effect_value":0.113,"position":1},{"timing_sec":94.575,"notes_attribute":1,"notes_level":1,"effect":4,"effect_value":0.113,"position":7},{"timing_sec":94.801,"notes_attribute":1,"notes_level":38,"effect":11,"effect_value":0.113,"position":8},{"timing_sec":94.801,"notes_attribute":1,"notes_level":39,"effect":11,"effect_value":0.113,"position":2},{"timing_sec":94.914,"notes_attribute":1,"notes_level":38,"effect":11,"effect_value":0.113,"position":7},{"timing_sec":94.914,"notes_attribute":1,"notes_level":39,"effect":11,"effect_value":0.113,"position":3},{"timing_sec":95.026,"notes_attribute":1,"notes_level":38,"effect":11,"effect_value":0.113,"position":6},{"timing_sec":95.026,"notes_attribute":1,"notes_level":39,"effect":11,"effect_value":0.113,"position":4},{"timing_sec":95.252,"notes_attribute":1,"notes_level":1,"effect":1,"effect_value":0.113,"position":6},{"timing_sec":95.365,"notes_attribute":1,"notes_level":1,"effect":1,"effect_value":0.113,"position":4},{"timing_sec":95.477,"notes_attribute":1,"notes_level":1,"effect":1,"effect_value":0.113,"position":7},{"timing_sec":95.59,"notes_attribute":1,"notes_level":1,"effect":2,"effect_value":0.113,"position":3},{"timing_sec":95.703,"notes_attribute":1,"notes_level":1,"effect":1,"effect_value":0.113,"position":8},{"timing_sec":95.816,"notes_attribute":1,"notes_level":1,"effect":1,"effect_value":0.113,"position":2},{"timing_sec":95.929,"notes_attribute":1,"notes_level":1,"effect":4,"effect_value":0.113,"position":9},{"timing_sec":96.041,"notes_attribute":1,"notes_level":1,"effect":4,"effect_value":0.113,"position":1},{"timing_sec":96.154,"notes_attribute":1,"notes_level":1,"effect":4,"effect_value":0.113,"position":8},{"timing_sec":96.267,"notes_attribute":1,"notes_level":1,"effect":4,"effect_value":0.113,"position":2},{"timing_sec":96.38,"notes_attribute":1,"notes_level":1,"effect":4,"effect_value":0.113,"position":7},{"timing_sec":96.493,"notes_attribute":1,"notes_level":1,"effect":4,"effect_value":0.113,"position":3},{"timing_sec":96.605,"notes_attribute":1,"notes_level":1,"effect":4,"effect_value":0.113,"position":6},{"timing_sec":96.718,"notes_attribute":1,"notes_level":1,"effect":4,"effect_value":0.113,"position":4},{"timing_sec":96.831,"notes_attribute":1,"notes_level":1,"effect":3,"effect_value":1.805,"position":6},{"timing_sec":98.184,"notes_attribute":1,"notes_level":40,"effect":11,"effect_value":0.113,"position":1},{"timing_sec":98.297,"notes_attribute":1,"notes_level":40,"effect":11,"effect_value":0.113,"position":2},{"timing_sec":98.41,"notes_attribute":1,"notes_level":40,"effect":11,"effect_value":0.113,"position":3},{"timing_sec":98.523,"notes_attribute":1,"notes_level":40,"effect":11,"effect_value":0.113,"position":4},{"timing_sec":98.635,"notes_attribute":1,"notes_level":40,"effect":11,"effect_value":0.113,"position":5}]